id,gender,treatment,first_name,last_name,cpf,birthday,email,occupation,active,blocked,created_at,modified_at
1,M,a,Derek,Gordon,96516886642,1981-11-05 06:13:40.606380+00,d.gordon@example.com,10,True,False,2015-01-21 17:01:17.452046+00,2015-01-21 17:01:17.452046+00
2,M,sr,David,Semaan,51399349844,1993-12-06 03:57:35.662965+00,d.semaan@example.com,36,False,True,2015-01-21 17:01:17.490289+00,2015-01-21 17:01:17.490289+00
3,F,d,Lucinda,Rumsey,27430595057,1995-11-10 02:57:54.750342+00,l.rumsey@example.com,84,False,True,2015-01-21 17:01:17.497422+00,2015-01-21 17:01:17.497422+00
4,F,srta,Tara,Bruner,78748811030,1992-12-06 14:34:06.642314+00,t.bruner@example.com,126,False,False,2015-01-21 17:01:17.500155+00,2015-01-21 17:01:17.500155+00
5,M,e,John,Padgett,73959751451,1993-11-26 12:58:49.199625+00,j.padgett@example.com,116,True,True,2015-01-21 17:01:17.501668+00,2015-01-21 17:01:17.501668+00
6,F,d,Patricia,Mckissick,83196673306,1994-11-24 02:32:33.059268+00,p.mckissick@example.com,127,False,True,2015-01-21 17:01:17.509532+00,2015-01-21 17:01:17.509532+00
7,F,sra,Colleen,Morley,75444126224,1993-12-27 03:06:20.132204+00,c.morley@example.com,95,False,False,2015-01-21 17:01:17.512928+00,2015-01-21 17:01:17.512928+00
8,F,aa,Sharon,Trueman,24595471583,1990-11-08 05:09:19.356248+00,s.trueman@example.com,44,True,False,2015-01-21 17:01:17.530471+00,2015-01-21 17:01:17.530471+00
9,M,p,Bill,Kindle,46697598956,1996-11-17 05:04:59.177102+00,b.kindle@example.com,120,False,True,2015-01-21 17:01:17.539831+00,2015-01-21 17:01:17.539831+00
10,M,p,Allen,Fitzgerald,43175610303,1995-11-13 13:03:21.354555+00,a.fitzgerald@example.com,123,True,True,2015-01-21 17:01:17.540543+00,2015-01-21 17:01:17.540543+00
11,F,srta,Jacquetta,Frain,71810506396,1993-12-23 13:44:15.852259+00,j.frain@example.com,7,False,False,2015-01-21 17:01:17.572316+00,2015-01-21 17:01:17.572316+00
12,M,sr,Kenneth,Kleber,74534673859,1986-11-23 05:49:48.786092+00,k.kleber@example.com,147,True,False,2015-01-21 17:01:17.602715+00,2015-01-21 17:01:17.602715+00
13,F,aa,Jasmine,Thompson,68650475047,1980-12-20 03:08:42.022521+00,j.thompson@example.com,146,False,False,2015-01-21 17:01:17.603384+00,2015-01-21 17:01:17.603384+00
14,F,srta,Monique,Thao,84821376655,1994-12-05 09:58:11.738231+00,m.thao@example.com,94,False,False,2015-01-21 17:01:17.606750+00,2015-01-21 17:01:17.606750+00
15,M,a,James,Lee,18242522307,1991-12-20 21:38:15.502817+00,j.lee@example.com,99,False,True,2015-01-21 17:01:17.606975+00,2015-01-21 17:01:17.606975+00
16,F,pa,Linda,Cleek,42584638961,1982-12-28 07:56:02.515465+00,l.cleek@example.com,120,False,False,2015-01-21 17:01:17.618391+00,2015-01-21 17:01:17.618391+00
17,M,a,Fred,Mccauley,15073086092,1982-12-23 20:57:32.049406+00,f.mccauley@example.com,135,False,True,2015-01-21 17:01:17.620269+00,2015-01-21 17:01:17.620269+00
18,F,sra,Toni,Crandall,39797691542,1980-12-19 05:19:08.011526+00,t.crandall@example.com,12,True,False,2015-01-21 17:01:17.622598+00,2015-01-21 17:01:17.622598+00
19,M,dr,Michael,Neumann,00057719043,1987-12-01 22:18:07.085302+00,m.neumann@example.com,89,True,True,2015-01-21 17:01:17.625383+00,2015-01-21 17:01:17.625383+00
20,F,sra,Linda,Rau,37212806455,1991-12-25 16:07:45.993177+00,l.rau@example.com,131,False,False,2015-01-21 17:01:17.629812+00,2015-01-21 17:01:17.629812+00
21,M,e,David,Ling,38240779852,1991-11-27 06:22:58.501359+00,d.ling@example.com,98,False,False,2015-01-21 17:01:17.635099+00,2015-01-21 17:01:17.635099+00
22,F,srta,Gina,Berry,55062767592,1994-12-19 18:26:28.858136+00,g.berry@example.com,9,True,True,2015-01-21 17:01:17.635689+00,2015-01-21 17:01:17.635689+00
23,F,aa,Carrie,Worthington,65739309088,1986-12-19 08:33:28.022029+00,c.worthington@example.com,18,True,True,2015-01-21 17:01:17.638046+00,2015-01-21 17:01:17.638046+00
24,F,sra,Yvonne,Graham,45447183470,1994-11-12 21:41:52.974379+00,y.graham@example.com,162,False,True,2015-01-21 17:01:17.638501+00,2015-01-21 17:01:17.638501+00
25,F,srta,Tonya,Turner,48355412226,1981-12-20 07:45:58.563840+00,t.turner@example.com,109,True,True,2015-01-21 17:01:17.638931+00,2015-01-21 17:01:17.638931+00
26,F,aa,Antoinette,Kelley,89767763263,1984-12-26 16:52:04.550756+00,a.kelley@example.com,62,True,True,2015-01-21 17:01:17.639691+00,2015-01-21 17:01:17.639691+00
27,M,dr,Rodrigo,Henderson,78131407955,1993-11-01 17:25:31.071516+00,r.henderson@example.com,144,False,False,2015-01-21 17:01:17.640618+00,2015-01-21 17:01:17.640618+00
28,M,a,Roy,Churchill,75867203400,1984-12-20 03:54:09.311606+00,r.churchill@example.com,90,False,True,2015-01-21 17:01:17.643521+00,2015-01-21 17:01:17.643521+00
29,M,e,David,Vizza,71503707463,1984-11-06 12:49:54.520798+00,d.vizza@example.com,23,True,True,2015-01-21 17:01:17.720054+00,2015-01-21 17:01:17.720054+00
30,M,e,Joseph,Shireman,91680378228,1993-12-11 02:52:03.838194+00,j.shireman@example.com,83,False,True,2015-01-21 17:01:17.743748+00,2015-01-21 17:01:17.743748+00
31,F,srta,Griselda,Siegal,90155363210,1995-12-13 05:18:14.826018+00,g.siegal@example.com,39,True,False,2015-01-21 17:01:17.768345+00,2015-01-21 17:01:17.768345+00
32,M,p,Ray,Patty,39089860594,1980-12-18 17:09:57.931698+00,r.patty@example.com,5,False,True,2015-01-21 17:01:17.777555+00,2015-01-21 17:01:17.777555+00
33,F,d,Sharon,Moreno,70830732713,1986-12-27 14:09:22.230340+00,s.moreno@example.com,138,True,False,2015-01-21 17:01:17.778041+00,2015-01-21 17:01:17.778041+00
34,M,dr,Peter,Price,68468812645,1993-11-05 05:27:11.896688+00,p.price@example.com,99,True,True,2015-01-21 17:01:17.778353+00,2015-01-21 17:01:17.778353+00
35,F,pa,Mindy,Sherwood,13690852688,1980-11-11 11:23:01.858167+00,m.sherwood@example.com,84,False,False,2015-01-21 17:01:17.780799+00,2015-01-21 17:01:17.780799+00
36,F,sra,Renee,Cadena,03289971479,1996-12-11 07:58:50.750350+00,r.cadena@example.com,81,False,True,2015-01-21 17:01:17.786324+00,2015-01-21 17:01:17.786324+00
37,M,p,Anthony,Harris,33233291632,1996-12-05 17:02:05.386707+00,a.harris@example.com,106,True,False,2015-01-21 17:01:17.786560+00,2015-01-21 17:01:17.786560+00
38,F,aa,Mona,Brooker,90038384467,1988-11-21 13:45:18.693893+00,m.brooker@example.com,45,True,True,2015-01-21 17:01:17.794144+00,2015-01-21 17:01:17.794144+00
39,M,e,Timothy,Perez,71870440124,1984-11-10 12:56:33.918809+00,t.perez@example.com,122,False,False,2015-01-21 17:01:17.794407+00,2015-01-21 17:01:17.794407+00
40,M,e,James,Landstrom,42053388373,1985-11-03 01:13:36.886001+00,j.landstrom@example.com,100,False,True,2015-01-21 17:01:17.831905+00,2015-01-21 17:01:17.831905+00
41,F,d,Sherry,Garcia,76589853167,1995-11-20 07:55:30.379561+00,s.garcia@example.com,55,True,False,2015-01-21 17:01:17.832302+00,2015-01-21 17:01:17.832302+00
42,F,pa,Yolanda,Clark,24752765595,1987-11-04 21:17:27.416488+00,y.clark@example.com,2,False,False,2015-01-21 17:01:17.832697+00,2015-01-21 17:01:17.832697+00
43,F,srta,Joyce,Correll,19192320868,1995-12-02 15:28:46.961266+00,j.correll@example.com,115,True,True,2015-01-21 17:01:17.838189+00,2015-01-21 17:01:17.838189+00
44,F,srta,Susan,Haskins,41113455112,1989-12-03 03:43:55.250738+00,s.haskins@example.com,34,False,True,2015-01-21 17:01:17.839961+00,2015-01-21 17:01:17.839961+00
45,F,ea,Ann,Parkhill,60286872257,1984-11-09 17:44:06.516011+00,a.parkhill@example.com,52,True,False,2015-01-21 17:01:17.853423+00,2015-01-21 17:01:17.853423+00
46,F,aa,Jessica,Niles,78281625228,1986-11-08 07:47:23.011385+00,j.niles@example.com,77,False,False,2015-01-21 17:01:17.856737+00,2015-01-21 17:01:17.856737+00
47,M,a,Michael,Booton,24814459626,1993-12-23 04:28:09.993190+00,m.booton@example.com,70,False,True,2015-01-21 17:01:17.893485+00,2015-01-21 17:01:17.893485+00
48,M,dr,Howard,Orton,67154489571,1986-11-13 06:01:58.468138+00,h.orton@example.com,65,True,True,2015-01-21 17:01:17.898646+00,2015-01-21 17:01:17.898646+00
49,F,pa,Kirsten,Moore,57782248992,1991-12-04 12:46:07.636719+00,k.moore@example.com,68,False,False,2015-01-21 17:01:17.899461+00,2015-01-21 17:01:17.899461+00
50,M,dr,Woodrow,Rector,61219520808,1982-12-13 04:54:01.290809+00,w.rector@example.com,113,False,False,2015-01-21 17:01:17.902120+00,2015-01-21 17:01:17.902120+00
51,M,a,Michael,Moore,98701521365,1993-12-28 16:49:32.440934+00,m.moore@example.com,16,False,False,2015-01-21 17:01:17.902331+00,2015-01-21 17:01:17.902331+00
52,F,aa,Rose,Brown,71197739392,1981-12-08 07:20:52.324477+00,r.brown@example.com,85,False,False,2015-01-21 17:01:17.902596+00,2015-01-21 17:01:17.902596+00
53,M,e,James,Burbage,22329008599,1991-12-06 18:25:28.402999+00,j.burbage@example.com,49,True,False,2015-01-21 17:01:17.919274+00,2015-01-21 17:01:17.919274+00
54,M,e,Christopher,Dempsey,40599331596,1983-12-18 04:08:24.693231+00,c.dempsey@example.com,20,False,True,2015-01-21 17:01:17.920790+00,2015-01-21 17:01:17.920790+00
55,F,sra,Kathleen,Yates,43338299932,1990-12-27 05:59:58.778671+00,k.yates@example.com,35,False,False,2015-01-21 17:01:17.921405+00,2015-01-21 17:01:17.921405+00
56,M,p,Martin,Washington,18044146627,1992-12-20 23:56:14.746381+00,m.washington@example.com,91,True,False,2015-01-21 17:01:17.921767+00,2015-01-21 17:01:17.921767+00
57,M,dr,Arnoldo,Lincoln,38771430044,1991-12-07 10:54:15.066853+00,a.lincoln@example.com,73,False,True,2015-01-21 17:01:17.925184+00,2015-01-21 17:01:17.925184+00
58,M,p,Carl,Brass,34102960317,1996-12-10 21:40:56.657352+00,c.brass@example.com,153,False,False,2015-01-21 17:01:17.939368+00,2015-01-21 17:01:17.939368+00
59,F,sra,Emma,Brown,72279851499,1983-11-09 17:35:07.496285+00,e.brown@example.com,92,False,False,2015-01-21 17:01:17.939767+00,2015-01-21 17:01:17.939767+00
60,F,pa,Bernice,Bassett,60268729630,1994-12-04 06:25:58.228095+00,b.bassett@example.com,46,True,True,2015-01-21 17:01:17.941618+00,2015-01-21 17:01:17.941618+00
61,F,pa,Marie,Delucia,90158701635,1994-11-13 09:20:57.737801+00,m.delucia@example.com,61,False,True,2015-01-21 17:01:17.952373+00,2015-01-21 17:01:17.952373+00
62,M,e,Walter,Sharp,43401105724,1980-12-16 20:42:12.443558+00,w.sharp@example.com,16,False,True,2015-01-21 17:01:17.952979+00,2015-01-21 17:01:17.952979+00
63,M,a,Edward,Gonzalez,94944480743,1981-12-19 11:25:51.911142+00,e.gonzalez@example.com,105,True,True,2015-01-21 17:01:17.953232+00,2015-01-21 17:01:17.953232+00
64,F,srta,Sharon,Ortega,66963826378,1991-12-17 09:54:16.639302+00,s.ortega@example.com,51,False,True,2015-01-21 17:01:17.953812+00,2015-01-21 17:01:17.953812+00
65,F,srta,Rebecca,Allen,24382053396,1987-12-18 03:14:08.861650+00,r.allen@example.com,45,False,False,2015-01-21 17:01:17.954066+00,2015-01-21 17:01:17.954066+00
66,F,ea,Mary,Ripley,71727926278,1994-11-09 19:46:43.886418+00,m.ripley@example.com,33,True,True,2015-01-21 17:01:17.957922+00,2015-01-21 17:01:17.957922+00
67,F,srta,Nellie,Tucker,31490327890,1993-11-03 01:55:37.247005+00,n.tucker@example.com,9,False,True,2015-01-21 17:01:17.958474+00,2015-01-21 17:01:17.958474+00
68,M,e,Archie,Ahn,55037960353,1996-11-02 22:09:26.516395+00,a.ahn@example.com,112,False,False,2015-01-21 17:01:17.964256+00,2015-01-21 17:01:17.964256+00
69,F,ea,Betty,Daniel,21149178933,1993-12-06 18:43:09.249616+00,b.daniel@example.com,152,False,True,2015-01-21 17:01:17.964791+00,2015-01-21 17:01:17.964791+00
70,M,dr,Leonard,Barbara,62755464547,1988-12-23 14:59:27.340152+00,l.barbara@example.com,106,True,False,2015-01-21 17:01:17.976272+00,2015-01-21 17:01:17.976272+00
71,M,e,Robert,Keating,69919518137,1980-12-04 09:59:22.710895+00,r.keating@example.com,55,False,False,2015-01-21 17:01:17.978818+00,2015-01-21 17:01:17.978818+00
72,M,dr,Edwin,Boore,17218172114,1990-12-11 18:36:37.197558+00,e.boore@example.com,142,False,False,2015-01-21 17:01:18.022372+00,2015-01-21 17:01:18.022372+00
73,F,d,Kara,Hall,46998996718,1984-11-13 10:58:12.081656+00,k.hall@example.com,3,False,False,2015-01-21 17:01:18.023033+00,2015-01-21 17:01:18.023033+00
74,F,pa,Diane,Chu,11651388484,1985-11-14 12:34:04.746205+00,d.chu@example.com,162,True,False,2015-01-21 17:01:18.025213+00,2015-01-21 17:01:18.025213+00
75,F,pa,Joannie,Nicholson,55962068837,1990-11-03 19:13:36.626257+00,j.nicholson@example.com,29,False,True,2015-01-21 17:01:18.028890+00,2015-01-21 17:01:18.028890+00
76,F,d,Dannette,Lupton,10256165814,1985-11-25 15:11:25.245249+00,d.lupton@example.com,84,False,True,2015-01-21 17:01:18.044495+00,2015-01-21 17:01:18.044495+00
77,F,pa,Joan,Smith,65518214388,1995-12-15 21:40:37.563226+00,j.smith@example.com,141,False,True,2015-01-21 17:01:18.044805+00,2015-01-21 17:01:18.044805+00
78,M,e,Dan,Fulton,02664270926,1994-12-08 14:27:43.629914+00,d.fulton@example.com,110,False,True,2015-01-21 17:01:18.046004+00,2015-01-21 17:01:18.046004+00
79,F,ea,Emma,Collins,80593237649,1989-12-13 10:04:01.289317+00,e.collins@example.com,124,True,True,2015-01-21 17:01:18.046373+00,2015-01-21 17:01:18.046373+00
80,M,e,Jeffrey,Viens,56112132217,1991-11-11 13:29:56.754732+00,j.viens@example.com,87,False,True,2015-01-21 17:01:18.058047+00,2015-01-21 17:01:18.058047+00
81,M,a,Joel,Marshall,38115393898,1986-12-23 07:48:21.260823+00,j.marshall@example.com,104,True,True,2015-01-21 17:01:18.058490+00,2015-01-21 17:01:18.058490+00
82,F,aa,Jennifer,Roberts,67619468856,1984-11-10 01:14:24.128242+00,j.roberts@example.com,95,False,False,2015-01-21 17:01:18.058732+00,2015-01-21 17:01:18.058732+00
83,F,pa,Mildred,Landfair,70751605170,1987-11-09 05:19:51.770413+00,m.landfair@example.com,8,False,False,2015-01-21 17:01:18.113356+00,2015-01-21 17:01:18.113356+00
84,F,aa,Margret,Walden,94155185845,1985-12-27 05:40:33.481872+00,m.walden@example.com,136,True,False,2015-01-21 17:01:18.115312+00,2015-01-21 17:01:18.115312+00
85,M,dr,Chris,Medlin,44592689327,1995-11-12 09:36:30.156110+00,c.medlin@example.com,21,True,True,2015-01-21 17:01:18.118869+00,2015-01-21 17:01:18.118869+00
86,M,p,Thomas,Hane,35175364507,1980-11-13 03:55:18.686511+00,t.hane@example.com,133,False,True,2015-01-21 17:01:18.140964+00,2015-01-21 17:01:18.140964+00
87,M,e,Brian,Sweat,56302194036,1991-12-10 01:02:42.783863+00,b.sweat@example.com,104,True,True,2015-01-21 17:01:18.144316+00,2015-01-21 17:01:18.144316+00
88,M,e,David,Stewart,67642777580,1983-11-24 19:43:11.817350+00,d.stewart@example.com,128,True,True,2015-01-21 17:01:18.144573+00,2015-01-21 17:01:18.144573+00
89,F,d,Alexandra,Mccormick,03760379079,1985-12-10 18:49:08.120393+00,a.mccormick@example.com,68,False,False,2015-01-21 17:01:18.145587+00,2015-01-21 17:01:18.145587+00
90,M,sr,Richard,Hall,68072321533,1984-11-03 04:08:40.789814+00,r.hall@example.com,23,False,False,2015-01-21 17:01:18.145822+00,2015-01-21 17:01:18.145822+00
91,M,dr,Robert,Kozakiewicz,53686686503,1986-11-10 11:47:39.293797+00,r.kozakiewicz@example.com,132,False,False,2015-01-21 17:01:18.193473+00,2015-01-21 17:01:18.193473+00
92,F,srta,Jeanne,Gothard,84233911905,1989-11-20 13:44:28.999583+00,j.gothard@example.com,42,True,False,2015-01-21 17:01:18.210564+00,2015-01-21 17:01:18.210564+00
93,M,dr,Melvin,Styons,78345167312,1989-12-20 11:30:38.843438+00,m.styons@example.com,73,False,False,2015-01-21 17:01:18.241692+00,2015-01-21 17:01:18.241692+00
94,F,sra,Janet,Thompson,72111893427,1984-12-19 15:18:39.387667+00,j.thompson@example.com,136,False,True,2015-01-21 17:01:18.242009+00,2015-01-21 17:01:18.242009+00
95,M,e,Adrian,Stith,96797902639,1994-11-05 04:39:44.750734+00,a.stith@example.com,152,True,False,2015-01-21 17:01:18.248039+00,2015-01-21 17:01:18.248039+00
96,F,ea,Rita,Gajate,22443428298,1990-12-21 01:01:48.537242+00,r.gajate@example.com,97,True,True,2015-01-21 17:01:18.303961+00,2015-01-21 17:01:18.303961+00
97,M,p,Keenan,Worthington,09277622963,1989-11-14 23:30:51.171081+00,k.worthington@example.com,145,True,True,2015-01-21 17:01:18.307280+00,2015-01-21 17:01:18.307280+00
98,F,ea,Marian,Lipsey,17223077720,1985-12-06 04:48:35.895101+00,m.lipsey@example.com,84,False,True,2015-01-21 17:01:18.315185+00,2015-01-21 17:01:18.315185+00
99,F,ea,Barbara,Yates,33828527115,1995-11-24 21:33:23.673107+00,b.yates@example.com,146,False,False,2015-01-21 17:01:18.315829+00,2015-01-21 17:01:18.315829+00
100,F,srta,Katrina,Duskey,51257337533,1985-12-24 03:23:47.340678+00,k.duskey@example.com,2,True,True,2015-01-21 17:01:18.372150+00,2015-01-21 17:01:18.372150+00
